[
  {
    "id": "bbf1a71a-2b2b-4757-be74-735c9e0fb9f4",
    "name": "MS Teams - Beautify Chat",
    "description": "Beautify the chat from the \"MS Teams - Get Channel Messages\" step.",
    "icon": "/static/images/logos/MS_TEAMS.svg",
    "script": "messages = input['Messages'];\nreplies = input['Replies'];\nif (replies === undefined) {\n    replies = {};\n}\n\nhtml = '<div>';\n\nfor (var i = 0; i < messages.length; i++) {\n    message = messages[i];\n    username = \"\";\n    if (message.from.user !== null) {\n        username = message.from.user.displayName;\n    } else if (message.from.application !== null) {\n        username = message.from.application.displayName;\n    }\n    \n    // Add message to html\n    var messagehtml = \"<p><b>\" + username + \"</b>: \"\n    if (message.body.contentType == \"html\") {\n        messagehtml += escapeHtml(message.body.content);\n    } else {\n        messagehtml += message.body.content;\n    }\n    messagehtml += \" --- said at <i>\" + message.createdDateTime + \"</i><br>\";\n    \n    // Add replies to html\n    if (message.id in replies) {\n        messagehtml += getReplyHTML(replies[message.id]);\n    }\n    \n    messagehtml += \"</p>\"\n    \n    html += messagehtml;\n}\n\nhtml += '</div>'\n\noutput['html'] = html;\n\n\n\n\n\n\n// Takes list of replies and converts it to a block of HTML\nfunction getReplyHTML(replies) {\n    let html = \"\"\n    for (var i = 0; i < replies.length; i++) {\n        username = \"\"\n        if (replies[i].from.user !== null) {\n            username = replies[i].from.user.displayName;\n        } else if (replies[i].from.application !== null) {\n            username = replies[i].from.application.displayName;\n        }\n        \n        html += \"reply -> <b>\" + username + \"</b>: \"\n        if (replies[i].body.contentType == \"html\") {\n            html += escapeHtml(replies[i].body.content);\n        } else {\n            html += replies[i].body.content;\n        }\n        html += \" --- said at <i>\" + message.createdDateTime + \"</i><br>\";\n    }\n    return html\n}\n\n// https://stackoverflow.com/a/6234804\nfunction escapeHtml(unsafe) {\n    return unsafe\n            .replace(/<div>/g, \"\")\n            .replace(/<\\/div>/g, \"\")\n            .replace(/\\n/g, \"\");\n    /*     .replace(/&/g, \"&amp;\")\n         .replace(/</g, \"&lt;\")\n         .replace(/>/g, \"&gt;\")\n         .replace(/\"/g, \"&quot;\")\n         .replace(/'/g, \"&#039;\");*/\n }\n",
    "allowedEnvironment": "HOSTED",
    "accessibleByAll": "NotShared",
    "scriptStepType": "USER",
    "inputs": [
      {
        "id": "07935fba-eb68-4e06-90f1-be8faeb9a3f0",
        "name": "Messages",
        "helpText": "Messages from the \"MS Teams - Get Channel Messages\" step.",
        "defaultValue": "",
        "multiline": false,
        "required": true,
        "maxLength": 20000,
        "minLength": 0,
        "position": 0
      },
      {
        "id": "779941ef-eb09-4cfe-9297-9b81ca571685",
        "name": "Replies",
        "helpText": "Replies from the \"MS Teams - Get Channel Messages\" step.",
        "defaultValue": "",
        "multiline": false,
        "required": false,
        "maxLength": 20000,
        "minLength": 0,
        "position": 1
      }
    ],
    "outputs": [
      {
        "id": "330db13e-3346-4a24-9455-c17ec1a5d724",
        "name": "html",
        "description": "ID of the channel created. {id}",
        "position": 0
      }
    ],
    "libraries": []
  },
  {
    "id": "efe42dfd-7632-4664-8a25-50b5436ac95a",
    "name": "MS Teams - Create Conference Bridge",
    "description": "Create a new teams meeting.",
    "icon": "/static/images/logos/MS_TEAMS.svg",
    "script": "// API Ref: https://docs.microsoft.com/en-us/graph/api/application-post-onlinemeetings?view=graph-rest-1.0&tabs=http\n\nvar enddatetime = \"\";\n\nvar startdatetime = \"\";\nif (input['Start of Meeting'] !== undefined) {\n    starttime = input['Start of Meeting'];\n}\n\nvar meetinglength = 60;\nif (input['Length of Meeting'] !== undefined) {\n    meetinglength = input['Length of Meeting'];\n}\n\nif (startdatetime === \"\") {\n    // Find current time\n    var d = new Date();\n    var ms = d.getTime();\n    // Add meeting length to current time\n    var et = ms + (meetinglength * 1000 * 60)\n    // Convert both to the right format\n    console.log(ms);\n    console.log(et);\n    startdatetime = (new Date(ms)).toISOString();\n    enddatetime = (new Date(et)).toISOString();\n} else {\n    // Convert meeting start time to ms\n    var d = new Date(startdatetime);\n    // Add meeting length to time\n    var et = d + (meetinglength * 1000 * 60);\n    // Convert back to end time\n    enddatetime = (new Date(et)).toISOString();\n}\n\nvar payload = {\n  \"startDateTime\":startdatetime,\n  \"endDateTime\":enddatetime\n}\n\nif (input['subject'] !== undefined) {\n    payload.subject = input['subject']\n}\n\nvar response = makeRequest('POST', '/v1.0/me/onlineMeetings', payload);\n\nif (response.statusCode === 201) {\n  responseBody = response.body;\n  output['creationDateTime'] = responseBody.creationDateTime;\n  output['startDateTime'] = responseBody.startDateTime;\n  output['endDateTime'] = responseBody.endDateTime;\n  output['joinUrl'] = responseBody.joinUrl;\n  output['joinWebUrl'] = responseBody.joinWebUrl;\n} else {\n  var errorMessage = response.body && response.body.error && response.body.error.message && response.body.error.message || '';\n  console.log('Microsoft Graph API returned [' + response.statusCode + '] and the following message: ' + errorMessage);\n}\n\n\n/**\n * Http request generator\n * @param {String} method An HTTP method\n * @param {String} path   A path to be appended to the Microsoft Graph API baseURL\n * @param {{}} payload    An optional payload object for POST requests\n * @returns {{statusCode: number, body, error}}          The API response on success\n */\nfunction makeRequest(method, path, payload) {\n  var request = http.request({\n    endpoint: 'Microsoft Graph API',\n    headers: {\n      'Authorization': 'Bearer ' + http.authenticate('Microsoft Graph API')\n    },\n    method: method.toUpperCase(),\n    path: path\n  });\n  var response = request.write(payload);\n  try {\n    response.body = JSON.parse(response.body);\n  } catch (e) {\n    throw new Error('Microsoft Graph API unexpectedly returned [' + response.statusCode + '] ' + response.body);\n  }\n  return response;\n}\n",
    "endpointAuthType": "OAUTH2_MS_GRAPH",
    "endpointLabel": "Microsoft Graph API",
    "allowedEnvironment": "HOSTED",
    "accessibleByAll": "NotShared",
    "scriptStepType": "USER",
    "inputs": [
      {
        "id": "8731f6a4-7c91-48fc-a97d-4270d3353f59",
        "name": "Subject",
        "helpText": "Subject of meeting.",
        "defaultValue": "",
        "multiline": false,
        "required": false,
        "maxLength": 2000,
        "minLength": 0,
        "position": 0
      },
      {
        "id": "e9c2b1f7-661e-47f6-9969-61a6732e607e",
        "name": "Start of Meeting",
        "helpText": "Start time for the meeting. If left empty, the meeting will start immediately. Represented like (2020-07-20T13:46:29-04:00 or 2020-07-20T17:46:29Z). You can join a meeting before it has started, so this value doesn't appear to have much purpose.",
        "defaultValue": "",
        "multiline": false,
        "required": false,
        "maxLength": 2000,
        "minLength": 0,
        "position": 1
      },
      {
        "id": "33da9776-3926-4c57-a338-e79571d4421b",
        "name": "Length of Meeting",
        "helpText": "Length of meeting in minutes. If left empty it will default to 60 minutes. The meeting does not seem to terminate when over, so this value shouldn't matter.",
        "multiline": false,
        "required": false,
        "maxLength": 2000,
        "minLength": 0,
        "position": 2
      }
    ],
    "outputs": [
      {
        "id": "cd6ebcd9-6524-43a8-8781-bd72a104d8b1",
        "name": "creationDateTime",
        "position": 0
      },
      {
        "id": "2ac1ac21-9407-4706-893a-d85318e8aead",
        "name": "startDateTime",
        "position": 1
      },
      {
        "id": "b0baae8f-8056-4f09-bd86-ad5552fdcf3c",
        "name": "endDateTime",
        "position": 2
      },
      {
        "id": "1b9ee70b-aac8-4104-8df4-7885a6021186",
        "name": "joinUrl",
        "position": 3
      },
      {
        "id": "bb7a51ca-6e6a-4be2-98d1-9876b98e699e",
        "name": "joinWebUrl",
        "position": 4
      }
    ],
    "libraries": []
  },
  {
    "id": "e9e6dd9b-2358-4b90-834a-34456761a9c0",
    "name": "MS Teams - Delete Channel",
    "description": "Delete a channel in a team.",
    "icon": "/static/images/logos/MS_TEAMS.svg",
    "script": "var team = input['Team'];\nvar channelName = input['Channel Name'];\n\nvar isV4UUID = team.match(/^([0-9a-fA-F]){8}-([0-9a-fA-F]){4}-([0-9a-fA-F]){4}-([0-9a-fA-F]){4}-([0-9a-fA-F]){12}$/);\nvar teamId = isV4UUID ? team : getTeamId(team);\nif (!teamId) {\n  output['ok'] = false;\n  output['message'] = 'Could not create channel: Team with ID or Name \"' + team + '\" not found.';\n  return;\n}\n\ntry {\n    channelId = getChannel(teamId, channelName).id;\n} catch (e) {\n    output['ok'] = false;\n    output['message'] = \"Unable to find channel name\";\n    return;\n}\n\nvar response = makeRequest('DELETE', '/v1.0/teams/' + teamId + '/channels/' + channelId, {});\n\nif (response.statusCode === 204) {\n  console.log(\"Success!\");\n  output['ok'] = true;\n} else {\n  var errorMessage = response.body && response.body.error && response.body.error.message && response.body.error.message || '';\n  output['message'] = 'Could not delete \"' + channelName + '\" channel. Microsoft Graph API returned [' + response.statusCode + '] and the following message: ' + errorMessage;\n  output['ok'] = false;\n}\n\n/**\n * Retrieve information about a Microsoft Teams Group\n * @param {string} teamName Name of Microsoft Teams group to lookup\n * @returns {(Boolean|Object)} team object if found, false if not\n */\nfunction getTeamId(teamName) {\n  var response = makeRequest('GET', '/v1.0/groups?$filter=displayName%20eq%20\\'' + encodeURIComponent(teamName) + '\\'&$select=id,displayName');\n  if (response && response.statusCode === 200) {\n    if (response.body && response.body.value && response.body.value.length === 1) {\n      return response.body.value[0].id;\n    } else if (response.body && response.body.value && response.body.value.length > 1) {\n        throw new Error('Microsoft Graph API has returned more results than it should'); // should never be thrown\n    }\n  }\n  return false;\n}\n\n\n/**\n * Retrieve information about a Microsoft Teams Channel\n * @param {*} teamId ID of Microsoft Teams group\n * @param {*} channelName Name of channel to lookup\n * @returns {(Boolean|Object)} channel object if found, false if not\n */\nfunction getChannel(teamId, channelName) {\n  var response = makeRequest('GET', '/v1.0/teams/' + teamId + '/channels?$select=id,displayName,webUrl');\n  if (response.statusCode === 200 && response.body && response.body.value) {\n    return firstMatchingResult(channelName, response.body.value);\n  }\n  return false;\n}\n\n\n/**\n * Search through haystack for an object whose displayName matches needle case insensitively\n * @param {string} needle string to match against displayName of haystack item\n * @param {Array} haystack array of objects to search through\n * @returns {(Boolean|Object)} matching object if found, false if not\n */\nfunction firstMatchingResult(needle, haystack) {\n  for (var i = 0; i < haystack.length; i++) {\n    var displayName = haystack[i].displayName && haystack[i].displayName.toLowerCase();\n    if (displayName === needle.toLowerCase()) {\n      return haystack[i];\n    }\n  }\n}\n\n\n/**\n * Validate that the argument is of type STRING, and of value 'true' or 'false'\n * @param {*} input The input to validate\n * @returns {Boolean} true if the argument is a stringified boolean\n */\nfunction isBoolString(input) {\n  return typeof input === 'string' && (input.toLowerCase() === 'true' || input.toLowerCase() === 'false');\n}\n\n/**\n * Http request generator\n * @param {String} method An HTTP method\n * @param {String} path   A path to be appended to the Microsoft Graph API baseURL\n * @param {{}} payload    An optional payload object for POST requests\n * @returns {{statusCode: number, body, error}}          The API response on success\n */\nfunction makeRequest(method, path, payload) {\n  var request = http.request({\n    endpoint: 'Microsoft Graph API',\n    headers: {\n      'Authorization': 'Bearer ' + http.authenticate('Microsoft Graph API')\n    },\n    method: method.toUpperCase(),\n    path: path\n  });\n  var response = request.write(payload);\n  try {\n    response.body = JSON.parse(response.body);\n  } catch (e) {\n    output['ok'] = false;\n    throw new Error('Microsoft Graph API unexpectedly returned [' + response.statusCode + '] ' + response.body);\n    return;\n  }\n  return response;\n}\n\n/**\n * As of this writing, the webUrl returned from MS Graph doesn't work - this fixes it\n * @param {String} webUrl a webUrl as returned by the Microsoft Graph API\n * @returns {String} The API response on success\n */\nfunction fixWebUrl(webUrl) {\n  if (typeof webUrl === 'string') {\n    var matches = webUrl.match(/^https?:\\/\\/(.*)\\/([^?]+)?(.*)/);\n    var webUrlChannel = matches && matches[2];\n    if (webUrlChannel && webUrlChannel.includes('+')) {\n      return webUrl.replace(webUrlChannel, webUrlChannel.replace(/\\+/g, '%20'));\n    }\n  }\n  return webUrl;\n}\n",
    "endpointAuthType": "OAUTH2_MS_GRAPH",
    "endpointLabel": "Microsoft Graph API",
    "allowedEnvironment": "HOSTED",
    "accessibleByAll": "NotShared",
    "scriptStepType": "USER",
    "inputs": [
      {
        "id": "df205501-404a-486a-ac59-24e4b78e9a79",
        "name": "Team",
        "helpText": "Name or ID of the Team the channel is to be deleted inside.",
        "defaultValue": "",
        "multiline": false,
        "required": true,
        "maxLength": 260,
        "minLength": 0,
        "position": 0
      },
      {
        "id": "2a1f4582-abc3-4bcb-a809-f805e8500867",
        "name": "Channel Name",
        "helpText": "The name of the channel to be deleted.",
        "defaultValue": "",
        "multiline": false,
        "required": true,
        "maxLength": 50,
        "minLength": 0,
        "position": 1
      }
    ],
    "outputs": [
      {
        "id": "98d0b64e-f1f0-4156-9aed-997ea60e4117",
        "name": "ok",
        "position": 0
      },
      {
        "id": "2d7cdd7b-54a6-41f8-963b-e4b7bde504c6",
        "name": "message",
        "position": 1
      }
    ],
    "libraries": []
  },
  {
    "id": "54b9a357-d55d-43ba-aeda-c1cdc033186f",
    "name": "MS Teams - Get Channel Messages",
    "description": "Gets the messages from the given channel",
    "icon": "/static/images/logos/MS_TEAMS.svg",
    "script": "var team = input['Team'];\nvar channelName = input['Channel Name'];\nvar blacklist = input['Blacklist'] !== undefined && input['Blacklist'].split(\",\");\nconsole.log(blacklist);\nif (blacklist === undefined || blacklist === false) {blacklist = []}\nvar getApps = input['Get Apps'].toLowerCase() == \"true\";\nvar maxMessages = parseInt(input['Max Messages']);\nvar includeReplies = input['Include Replies'] == \"true\";\n\n// Validate team name\nvar isV4UUID = team.match(/^([0-9a-fA-F]){8}-([0-9a-fA-F]){4}-([0-9a-fA-F]){4}-([0-9a-fA-F]){4}-([0-9a-fA-F]){12}$/);\nvar teamId = isV4UUID ? team : getTeamId(team);\nif (!teamId) {\n  throw new Error('Could not create channel: Team with ID or Name \"' + team + '\" not found.');\n}\n\n// Validate channel name\nvar channelId = getChannelId(teamId, channelName);\nif (!channelId) {\n  throw new Error(buildErrorMessage('Could not find the \"' + channelName + '\" channel in the \"' + team + '\" team.'));\n}\n\n// Validate maxMessages\nif (isNaN(maxMessages)) {\n    console.log(\"Unable to determine value \\\"Max Messages\\\"\");\n    maxMessages = 100;\n}\n\n// Get messages\nvar response = makeRequest('GET', '/beta/teams/'+ teamId + '/channels/' + channelId + '/messages', { });\nvar messages = response.body[\"value\"];\nif (messages === undefined) {\n    messages = [];\n}\n\n// Move the cursor\nwhile (response.body[\"@odata.nextLink\"] !== undefined) {\n    var response = makeRequest('GET', response.body['@odata.nextLink'].substring(28));\n    if (response.statusCode < 200 || response.statusCode > 299) {\n        console.log(\"Request Failed.\");\n        break;\n    }\n    if (response.body[\"@odata.count\"] > 0) {\n        for (var i = 0; i < response.body[\"value\"].length; i++) {\n            messages.push(response.body[\"value\"][i]);\n        }\n    }\n}\n\n// Trim the messages to take up less space\nmessages = messages.map((message) => ({\"from\": message.from, \"id\": message.id, \"createdDateTime\": message.createdDateTime, \"body\": message.body}))\n\n// Remove any apps if needed\nif (getApps) {\n    messages = messages.filter((message) => message.from.application === null)\n}\n\n// Remove any messages if on blacklist\nmessages = messages.filter((message) => \n    !(message.from.application !== null &&\n        (message.from.application.displayName !== undefined && blacklist.indexOf(message.from.application.displayName) != -1 || \n        (message.from.application.id !== undefined && blacklist.indexOf(message.from.application.id) != -1))) &&\n    !(message.from.user !== null &&\n        (message.from.user.displayName !== undefined && blacklist.indexOf(message.from.user.displayName) != -1) || \n        (message.from.user.id !== undefined && blacklist.indexOf(message.from.user.id) != -1)));\n\n// Sort list by date\nvar dateComp = (a,b) => new Date(a.createdDateTime) > new Date(b.createdDateTime) ? 1 : -1\nmessages.sort(dateComp)\n\n// Get the max number of messages from the end\nmessages = messages.slice(messages.length - maxMessages, messages.length);\n\n\n// Get replies if enabled\nreplyTrim = (reply) => ({id: reply.id, createdDateTime: reply.createdDateTime, from: reply.from, body: reply.body});\nreplyMap = {}\nif (includeReplies) {\n    for (var i = 0; i < messages.length; i++) {\n        var replyResponse = makeRequest(\"GET\", \"/beta/teams/\" + teamId + \"/channels/\" + channelId + \"/messages/\" + messages[i].id + \"/replies\", {});\n        replies = replyResponse.body.value;\n        for (var j = 0; j < replyResponse.body[\"@odata.count\"]; j++) {\n            if (!(replies[j]['replyToId'] in replyMap)) {\n                replyMap[replies[j]['replyToId']] = [];\n            }\n            replyMap[replies[j]['replyToId']].push(replyTrim(replies[j]));\n        }\n    }\n    \n    for (let k in replyMap) {\n        replyMap[k] = replyMap[k].sort(dateComp)\n    }\n}\n\n// Determine Outputs.\nif (response.statusCode >= 200 && response.statusCode < 300 ) {\n    output['messages'] = messages;\n    if (includeReplies) {\n        output['replies'] = replyMap;\n    }\n} else {\n    throw new Error( 'Failed to get messages for \"' + channelName + '\"' );\n}\n\n\n/**\n * Retrieve information about a Microsoft Teams Group\n * @param {string} teamName Name of Microsoft Teams group to lookup\n * @returns {(Boolean|Object)} team object if found, false if not\n */\nfunction getTeamId(teamName) {\n  var response = makeRequest('GET', '/v1.0/groups?$filter=displayName%20eq%20\\'' + encodeURIComponent(teamName) + '\\'&$select=id,displayName');\n  if (response && response.statusCode === 200) {\n    if (response.body && response.body.value && response.body.value.length === 1) {\n      return response.body.value[0].id;\n    } else if (response.body && response.body.value && response.body.value.length > 1) {\n      throw new Error('Microsoft Graph API has returned more results than it should'); // should never be thrown\n    }\n  }\n  return false;\n}\n\n\n/**\n * Retrieve information about a Microsoft Teams Channel\n * @param {*} teamId ID of Microsoft Teams group\n * @param {*} channelStr Name of channel to lookup\n * @returns {(Boolean|Object)} channel object if found, false if not\n */\nfunction getChannelId(teamId, channelStr) {\n  var response = makeAndValidateRequest('GET', '/v1.0/teams/' + teamId + '/channels?$select=id,displayName');\n  if (response && response.value) {\n    return firstMatchingResultId(channelStr, response.value);\n  }\n  return null;\n}\n/**\n * Search through haystack for an object whose displayName (irregardless of case) or id matches needle\n * @param {string} needle string to match against displayName|id of haystack item\n * @param {Array} haystack array of objects to search through\n * @returns {(Boolean|Object)} matching object if found, false if not\n */\nfunction firstMatchingResultId(needle, haystack) {\n  for (var i = 0; i < haystack.length; i++) {\n    var displayName = haystack[i].displayName && haystack[i].displayName.toLowerCase();\n    var id = haystack[i] && haystack[i].id;\n    if (displayName === needle.toLowerCase() || id && id === needle) {\n      return haystack[i].id;\n    }\n  }\n  return null;\n}\n\n/**\n * Search through haystack for an object whose displayName matches needle case insensitively\n * @param {string} needle string to match against displayName of haystack item\n * @param {Array} haystack array of objects to search through\n * @returns {(Boolean|Object)} matching object if found, false if not\n */\nfunction firstMatchingResult(needle, haystack) {\n  for (var i = 0; i < haystack.length; i++) {\n    var displayName = haystack[i].displayName && haystack[i].displayName.toLowerCase();\n    if (displayName === needle.toLowerCase()) {\n      return haystack[i];\n    }\n  }\n}\n\n\n\n/**\n * Http request generator\n * @param {String} method An uppercased HTTP method\n * @param {String} path   A path to be appended to the Slack API baseURL\n * @param {{}} payload    An optional payload object for POST requests\n * @returns {{}}          The API response on success\n */\nfunction makeAndValidateRequest(method, path, payload) {\n  var request = http.request({\n    endpoint: 'Microsoft Graph API',\n    headers: {\n      'Authorization': 'Bearer ' + http.authenticate('Microsoft Graph API')\n    },\n    method: method,\n    path: path\n  });\n  var response;\n  if (payload) {\n    response = request.write(payload);\n  } else {\n    response = request.write();\n  }\n  var error = '';\n  try {\n    var respBody = JSON.parse(response.body);\n  } catch (e) {\n    error = ': ' + response.body;\n  }\n  if (response.statusCode >= 200 && response.statusCode < 300) {\n    attemptNum = 1;\n    return respBody;\n  }  else {\n    // During development we have observed that MS Graph API sometimes returns 502s\n    // and a simple retry with the same parameters usually works\n    if (response.statusCode === 502 && attemptNum < MAX_RETRIES) {\n      attemptNum++;\n      return makeAndValidateRequest(method, path, payload);\n    }\n    var errorReason = 'Microsoft Graph API returned '\n    + '[' + response.statusCode + '] '\n    + 'and the following';\n    if (respBody && respBody.error && respBody.error.message) {\n      error = ' message: ' + respBody.error.message;\n      if (replyToId && (respBody.error.code === 'BadRequest' || respBody.error.code === 'NotFound')) {\n        error += '\\nThis may be because the Reply To ID value is invalid or does not match a top-level message in the channel.';\n      }\n      if (respBody.error.innerError) {\n        error += '\\nMS Graph API request ID: ' + respBody.error.innerError['request-id'];\n      }\n    }\n    errorReason += error;\n    throw new Error(buildErrorMessage(errorReason));\n  }\n}\n/**\n * Builds a common error message describing the action that failed and why\n * @param  {string} reason      The reason the channel could not be created\n * @return {string}             A common error message that can be thrown\n */\nfunction buildErrorMessage(reason) {\n  return 'Unable to post message. ' + reason;\n}\n\n\n\n\n/**\n * Validate that the argument is of type STRING, and of value 'true' or 'false'\n * @param {*} input The input to validate\n * @returns {Boolean} true if the argument is a stringified boolean\n */\nfunction isBoolString(input) {\n  return typeof input === 'string' && (input.toLowerCase() === 'true' || input.toLowerCase() === 'false');\n}\n\n/**\n * Http request generator\n * @param {String} method An HTTP method\n * @param {String} path   A path to be appended to the Microsoft Graph API baseURL\n * @param {{}} payload    An optional payload object for POST requests\n * @returns {{statusCode: number, body, error}}          The API response on success\n */\nfunction makeRequest(method, path, payload) {\n  var request = http.request({\n    endpoint: 'Microsoft Graph API',\n    headers: {\n      'Authorization': 'Bearer ' + http.authenticate('Microsoft Graph API')\n    },\n    method: method.toUpperCase(),\n    path: path\n  });\n  var response = request.write(payload);\n  try {\n    response.body = JSON.parse(response.body);\n  } catch (e) {\n    throw new Error('Microsoft Graph API unexpectedly returned [' + response.statusCode + '] ' + response.body);\n  }\n  return response;\n}\n\n/**\n * As of this writing, the webUrl returned from MS Graph doesn't work - this fixes it\n * @param {String} webUrl a webUrl as returned by the Microsoft Graph API\n * @returns {String} The API response on success\n */\nfunction fixWebUrl(webUrl) {\n  if (typeof webUrl === 'string') {\n    var matches = webUrl.match(/^https?:\\/\\/(.*)\\/([^?]+)?(.*)/);\n    var webUrlChannel = matches && matches[2];\n    if (webUrlChannel && webUrlChannel.includes('+')) {\n      return webUrl.replace(webUrlChannel, webUrlChannel.replace(/\\+/g, '%20'));\n    }\n  }\n  return webUrl;\n}\n",
    "endpointAuthType": "OAUTH2_MS_GRAPH",
    "endpointLabel": "Microsoft Graph API",
    "allowedEnvironment": "HOSTED",
    "accessibleByAll": "NotShared",
    "scriptStepType": "USER",
    "inputs": [
      {
        "id": "60fb948a-7f1f-428d-bd06-cc3b9591c1dd",
        "name": "Team",
        "helpText": "Name or ID of the Team the channel is in.",
        "defaultValue": "",
        "multiline": false,
        "required": true,
        "validationRegex": "",
        "maxLength": 260,
        "minLength": 0,
        "position": 0
      },
      {
        "id": "4f7a926a-122c-4a57-a8c5-a6336b30bdbe",
        "name": "Channel Name",
        "helpText": "The name of the channel to get the messages from.",
        "defaultValue": "",
        "multiline": false,
        "required": true,
        "validationRegex": "",
        "maxLength": 50,
        "minLength": 0,
        "position": 1
      },
      {
        "id": "9b584764-ab54-4d77-9598-3ec5c9830c11",
        "name": "Get Apps",
        "helpText": "Whether to include (true) or exclude (false) any apps or bots.",
        "defaultValue": "true",
        "multiline": false,
        "required": true,
        "maxLength": 5,
        "minLength": 4,
        "position": 2
      },
      {
        "id": "7bccb70a-175d-4c58-9aa6-27cf5edb223d",
        "name": "Include Replies",
        "helpText": "This will include replies to messages. Preferably this is not used, as for large quantities of messages, it will take a long time.",
        "defaultValue": "false",
        "multiline": false,
        "required": true,
        "maxLength": 5,
        "minLength": 4,
        "position": 3
      },
      {
        "id": "39198d8a-bf53-4027-94e8-079bf60c4261",
        "name": "Blacklist",
        "helpText": "A comma-separated list of users or bots to ignore messages from. Can be either ids or display names.",
        "defaultValue": "",
        "multiline": false,
        "required": false,
        "maxLength": 2000,
        "minLength": 0,
        "position": 4
      },
      {
        "id": "a912e44c-d16f-4d75-9f8b-2b225668d32d",
        "name": "Max Messages",
        "helpText": "The max number of messages to get. By default this is 100. The output for messages can only support 20,000 characters, so larger values may not work as expected.",
        "defaultValue": "100",
        "multiline": false,
        "required": false,
        "maxLength": 2000,
        "minLength": 0,
        "position": 5
      }
    ],
    "outputs": [
      {
        "id": "be1eb79c-a3c1-45bb-970c-8d6633808ab4",
        "name": "messages",
        "description": "ID of the channel created. {id}",
        "position": 0
      },
      {
        "id": "c2f176aa-c2f4-4120-a485-7e46530e3027",
        "name": "replies",
        "position": 1
      }
    ],
    "libraries": []
  },
  {
    "id": "578d16ff-3cca-43e4-8553-7c12ef87921f",
    "name": "MS Teams - Invite to Channel",
    "description": "Invite a user or a list of users to a private channel",
    "icon": "/static/images/logos/MS_TEAMS.svg",
    "script": "\n\nvar team = input['Team'];\nvar channelName = input['Channel Name'];\nvar users = input['Users'].split(',');\n\n\nvar isV4UUID = team.match(/^([0-9a-fA-F]){8}-([0-9a-fA-F]){4}-([0-9a-fA-F]){4}-([0-9a-fA-F]){4}-([0-9a-fA-F]){12}$/);\nvar teamId = isV4UUID ? team : getTeamId(team);\nif (!teamId) {\n  throw new Error('Could not create channel: Team with ID or Name \"' + team + '\" not found.');\n}\n\nvar channelId = getChannelId(teamId, channelName);\nif (!channelId) {\n  throw new Error(buildErrorMessage('Could not find the \"' + channelName + '\" channel in the \"' + team + '\" team.'));\n}\n\n\nvar responseusers = makeRequest('GET', '/beta/teams/' + teamId + '/members', { })\nresponseusersbody = responseusers.body;\n\nfor (var i = 0; i < users.length; i++) {\n    var id = \"\";\n    for (var j = 0; j < responseusersbody.value.length; j++) {\n        if (users[i] == responseusersbody.value[j].displayName || users[i] == responseusersbody.value[j].email ||\n        users[i] == responseusersbody.value[j].id || users[i] == responseusersbody.value[j].userId) {\n            id = responseusersbody.value[j].userId;\n        }\n    }\n    var response = makeRequest('POST', '/beta/teams/'+ teamId + '/channels/' + channelId + '/members', { \"@odata.type\": \"#microsoft.graph.aadUserConversationMember\", roles:[\"member\"], \"user@odata.bind\": \"https://graph.microsoft.com/beta/users/\" + id });\n    if (!(response.statusCode === 201 || response.statusCode === 200 )) {\n        console.log(\"Failed to add user: \" + users[i] + \" to the channel\");\n    }\n}\n\n/**\n * Retrieve information about a Microsoft Teams Group\n * @param {string} teamName Name of Microsoft Teams group to lookup\n * @returns {(Boolean|Object)} team object if found, false if not\n */\nfunction getTeamId(teamName) {\n  var response = makeRequest('GET', '/v1.0/groups?$filter=displayName%20eq%20\\'' + encodeURIComponent(teamName) + '\\'&$select=id,displayName');\n  if (response && response.statusCode === 200) {\n    if (response.body && response.body.value && response.body.value.length === 1) {\n      return response.body.value[0].id;\n    } else if (response.body && response.body.value && response.body.value.length > 1) {\n      throw new Error('Microsoft Graph API has returned more results than it should'); // should never be thrown\n    }\n  }\n  return false;\n}\n\n\n/**\n * Retrieve information about a Microsoft Teams Channel\n * @param {*} teamId ID of Microsoft Teams group\n * @param {*} channelStr Name of channel to lookup\n * @returns {(Boolean|Object)} channel object if found, false if not\n */\nfunction getChannelId(teamId, channelStr) {\n  var response = makeAndValidateRequest('GET', '/v1.0/teams/' + teamId + '/channels?$select=id,displayName');\n  if (response && response.value) {\n    return firstMatchingResultId(channelStr, response.value);\n  }\n  return null;\n}\n/**\n * Search through haystack for an object whose displayName (irregardless of case) or id matches needle\n * @param {string} needle string to match against displayName|id of haystack item\n * @param {Array} haystack array of objects to search through\n * @returns {(Boolean|Object)} matching object if found, false if not\n */\nfunction firstMatchingResultId(needle, haystack) {\n  for (var i = 0; i < haystack.length; i++) {\n    var displayName = haystack[i].displayName && haystack[i].displayName.toLowerCase();\n    var id = haystack[i] && haystack[i].id;\n    if (displayName === needle.toLowerCase() || id && id === needle) {\n      return haystack[i].id;\n    }\n  }\n  return null;\n}\n\n/**\n * Search through haystack for an object whose displayName matches needle case insensitively\n * @param {string} needle string to match against displayName of haystack item\n * @param {Array} haystack array of objects to search through\n * @returns {(Boolean|Object)} matching object if found, false if not\n */\nfunction firstMatchingResult(needle, haystack) {\n  for (var i = 0; i < haystack.length; i++) {\n    var displayName = haystack[i].displayName && haystack[i].displayName.toLowerCase();\n    if (displayName === needle.toLowerCase()) {\n      return haystack[i];\n    }\n  }\n}\n\n\n\n/**\n * Http request generator\n * @param {String} method An uppercased HTTP method\n * @param {String} path   A path to be appended to the Slack API baseURL\n * @param {{}} payload    An optional payload object for POST requests\n * @returns {{}}          The API response on success\n */\nfunction makeAndValidateRequest(method, path, payload) {\n  var request = http.request({\n    endpoint: 'Microsoft Graph API',\n    headers: {\n      'Authorization': 'Bearer ' + http.authenticate('Microsoft Graph API')\n    },\n    method: method,\n    path: path\n  });\n  var response;\n  if (payload) {\n    response = request.write(payload);\n  } else {\n    response = request.write();\n  }\n  var error = '';\n  try {\n    var respBody = JSON.parse(response.body);\n  } catch (e) {\n    error = ': ' + response.body;\n  }\n  if (response.statusCode >= 200 && response.statusCode < 300) {\n    attemptNum = 1;\n    return respBody;\n  }  else {\n    // During development we have observed that MS Graph API sometimes returns 502s\n    // and a simple retry with the same parameters usually works\n    if (response.statusCode === 502 && attemptNum < MAX_RETRIES) {\n      attemptNum++;\n      return makeAndValidateRequest(method, path, payload);\n    }\n    var errorReason = 'Microsoft Graph API returned '\n    + '[' + response.statusCode + '] '\n    + 'and the following';\n    if (respBody && respBody.error && respBody.error.message) {\n      error = ' message: ' + respBody.error.message;\n      if (replyToId && (respBody.error.code === 'BadRequest' || respBody.error.code === 'NotFound')) {\n        error += '\\nThis may be because the Reply To ID value is invalid or does not match a top-level message in the channel.';\n      }\n      if (respBody.error.innerError) {\n        error += '\\nMS Graph API request ID: ' + respBody.error.innerError['request-id'];\n      }\n    }\n    errorReason += error;\n    throw new Error(buildErrorMessage(errorReason));\n  }\n}\n/**\n * Builds a common error message describing the action that failed and why\n * @param  {string} reason      The reason the channel could not be created\n * @return {string}             A common error message that can be thrown\n */\nfunction buildErrorMessage(reason) {\n  return 'Unable to post message. ' + reason;\n}\n\n\n\n\n/**\n * Validate that the argument is of type STRING, and of value 'true' or 'false'\n * @param {*} input The input to validate\n * @returns {Boolean} true if the argument is a stringified boolean\n */\nfunction isBoolString(input) {\n  return typeof input === 'string' && (input.toLowerCase() === 'true' || input.toLowerCase() === 'false');\n}\n\n/**\n * Http request generator\n * @param {String} method An HTTP method\n * @param {String} path   A path to be appended to the Microsoft Graph API baseURL\n * @param {{}} payload    An optional payload object for POST requests\n * @returns {{statusCode: number, body, error}}          The API response on success\n */\nfunction makeRequest(method, path, payload) {\n  var request = http.request({\n    endpoint: 'Microsoft Graph API',\n    headers: {\n      'Authorization': 'Bearer ' + http.authenticate('Microsoft Graph API')\n    },\n    method: method.toUpperCase(),\n    path: path\n  });\n  var response = request.write(payload);\n  try {\n    response.body = JSON.parse(response.body);\n  } catch (e) {\n    throw new Error('Microsoft Graph API unexpectedly returned [' + response.statusCode + '] ' + response.body);\n  }\n  return response;\n}\n\n/**\n * As of this writing, the webUrl returned from MS Graph doesn't work - this fixes it\n * @param {String} webUrl a webUrl as returned by the Microsoft Graph API\n * @returns {String} The API response on success\n */\nfunction fixWebUrl(webUrl) {\n  if (typeof webUrl === 'string') {\n    var matches = webUrl.match(/^https?:\\/\\/(.*)\\/([^?]+)?(.*)/);\n    var webUrlChannel = matches && matches[2];\n    if (webUrlChannel && webUrlChannel.includes('+')) {\n      return webUrl.replace(webUrlChannel, webUrlChannel.replace(/\\+/g, '%20'));\n    }\n  }\n  return webUrl;\n}\n",
    "endpointAuthType": "OAUTH2_MS_GRAPH",
    "endpointLabel": "Microsoft Graph API",
    "allowedEnvironment": "HOSTED",
    "accessibleByAll": "NotShared",
    "scriptStepType": "USER",
    "inputs": [
      {
        "id": "26bf37d5-b4a3-4863-9c2a-2fd7e101bf60",
        "name": "Team",
        "helpText": "Name or ID of the Team the channel is in.",
        "defaultValue": "",
        "multiline": false,
        "required": true,
        "validationRegex": "",
        "maxLength": 260,
        "minLength": 0,
        "position": 0
      },
      {
        "id": "08ae618d-49e7-40c0-a39b-fe5f8831c5fc",
        "name": "Channel Name",
        "helpText": "The name of the private channel to add the user(s) to.",
        "defaultValue": "",
        "multiline": false,
        "required": true,
        "validationRegex": "",
        "maxLength": 50,
        "minLength": 0,
        "position": 1
      },
      {
        "id": "6f98d65d-0d1f-4a3a-b6b5-c60e11113c38",
        "name": "Users",
        "helpText": "A comma-separated list of users to add to the channel. Can be their display names, emails, or ids.",
        "defaultValue": "",
        "multiline": false,
        "required": true,
        "maxLength": 2000,
        "minLength": 0,
        "position": 2
      }
    ],
    "outputs": [],
    "libraries": []
  }
]