{
  "name": "Steps",
  "form": "e5a6fe44-8df9-4098-aaaa-0b812eac634c",
  "blocks": [
    {
      "id": "56bb6653-d473-4843-9d33-343d6ad83a5f",
      "label": "MS Teams - Beautify Chat",
      "environment": "HOSTED",
      "presentation": "{\"w\":60,\"x\":440,\"h\":60,\"y\":700}",
      "step": "3de08d8a-49c8-43b8-b165-ef8d8a76cc99",
      "stepType": "SCRIPT_STEP",
      "inputMappings": [
        {
          "inputPort": "input",
          "mapping": "${5f8b9f07-ae0f-4bc1-8b85-f0abe3e6a633.messages}",
          "stepInput": "d0f4a383-6d74-4c24-aec4-f7a30967dc0d"
        },
        {
          "inputPort": "input",
          "mapping": "${5f8b9f07-ae0f-4bc1-8b85-f0abe3e6a633.replies}",
          "stepInput": "66cef21d-9293-4bda-9187-e84dfd9cc8b0"
        },
        {
          "inputPort": "input",
          "mapping": "html",
          "stepInput": "f60a3ca0-c121-4b90-9780-a1004465b679"
        },
        {
          "inputPort": "input",
          "mapping": "America/New_York",
          "stepInput": "cd4765db-aea7-4937-9268-606c45d01bd0"
        }
      ]
    },
    {
      "id": "daebafb2-19c0-4388-8e2b-13d1e87ac0f2",
      "label": "MS Teams - Create Conference Bridge",
      "environment": "HOSTED",
      "presentation": "{\"w\":60,\"x\":220,\"h\":60,\"y\":40}",
      "step": "efe42dfd-7632-4664-8a25-50b5436ac95a",
      "stepType": "SCRIPT_STEP"
    },
    {
      "id": "257c5355-8b5a-493d-9c97-26094238a7b3",
      "label": "MS Teams - Delete Channel",
      "environment": "HOSTED",
      "presentation": "{\"w\":60,\"x\":220,\"h\":60,\"y\":260}",
      "step": "e9e6dd9b-2358-4b90-834a-34456761a9c0",
      "stepType": "SCRIPT_STEP"
    },
    {
      "id": "5f8b9f07-ae0f-4bc1-8b85-f0abe3e6a633",
      "label": "MS Teams - Get Channel Messages",
      "environment": "HOSTED",
      "presentation": "{\"w\":60,\"x\":220,\"h\":60,\"y\":700}",
      "step": "54b9a357-d55d-43ba-aeda-c1cdc033186f",
      "stepType": "SCRIPT_STEP",
      "inputMappings": [
        {
          "inputPort": "input",
          "mapping": "true",
          "stepInput": "9b584764-ab54-4d77-9598-3ec5c9830c11"
        },
        {
          "inputPort": "input",
          "mapping": "false",
          "stepInput": "7bccb70a-175d-4c58-9aa6-27cf5edb223d"
        },
        {
          "inputPort": "input",
          "mapping": "100",
          "stepInput": "a912e44c-d16f-4d75-9f8b-2b225668d32d"
        }
      ]
    },
    {
      "id": "cf90d379-70ec-4e76-b965-58d3529d0944",
      "label": "MS Teams - Invite to Channel",
      "environment": "HOSTED",
      "presentation": "{\"w\":60,\"x\":220,\"h\":60,\"y\":480}",
      "step": "578d16ff-3cca-43e4-8553-7c12ef87921f",
      "stepType": "SCRIPT_STEP"
    }
  ],
  "edges": [
    {
      "fromBlock": "5f8b9f07-ae0f-4bc1-8b85-f0abe3e6a633",
      "fromPort": "output",
      "toBlock": "56bb6653-d473-4843-9d33-343d6ad83a5f",
      "toPort": "input"
    }
  ]
}