{
  "name": "Steps",
  "form": "e5a6fe44-8df9-4098-aaaa-0b812eac634c",
  "blocks": [
    {
      "id": "49c247d8-ec9b-498e-a3d7-5f1ed3c26d04",
      "label": "MS Teams - Beautify Chat",
      "environment": "HOSTED",
      "presentation": "{\"w\":60,\"x\":440,\"h\":60,\"y\":700}",
      "step": "bbf1a71a-2b2b-4757-be74-735c9e0fb9f4",
      "stepType": "SCRIPT_STEP",
      "inputMappings": [
        {
          "inputPort": "input",
          "mapping": "${aa254888-0b6f-4421-b60f-a280bf386fd6.messages}",
          "stepInput": "07935fba-eb68-4e06-90f1-be8faeb9a3f0"
        },
        {
          "inputPort": "input",
          "mapping": "${aa254888-0b6f-4421-b60f-a280bf386fd6.replies}",
          "stepInput": "779941ef-eb09-4cfe-9297-9b81ca571685"
        }
      ]
    },
    {
      "id": "daebafb2-19c0-4388-8e2b-13d1e87ac0f2",
      "label": "MS Teams - Create Conference Bridge",
      "environment": "HOSTED",
      "presentation": "{\"w\":60,\"x\":220,\"h\":60,\"y\":40}",
      "step": "efe42dfd-7632-4664-8a25-50b5436ac95a",
      "stepType": "SCRIPT_STEP"
    },
    {
      "id": "257c5355-8b5a-493d-9c97-26094238a7b3",
      "label": "MS Teams - Delete Channel",
      "environment": "HOSTED",
      "presentation": "{\"w\":60,\"x\":220,\"h\":60,\"y\":260}",
      "step": "e9e6dd9b-2358-4b90-834a-34456761a9c0",
      "stepType": "SCRIPT_STEP"
    },
    {
      "id": "aa254888-0b6f-4421-b60f-a280bf386fd6",
      "label": "MS Teams - Get Channel Messages",
      "environment": "HOSTED",
      "presentation": "{\"w\":60,\"x\":220,\"h\":60,\"y\":700}",
      "step": "54b9a357-d55d-43ba-aeda-c1cdc033186f",
      "stepType": "SCRIPT_STEP",
      "inputMappings": [
        {
          "inputPort": "input",
          "mapping": "true",
          "stepInput": "9b584764-ab54-4d77-9598-3ec5c9830c11"
        },
        {
          "inputPort": "input",
          "mapping": "false",
          "stepInput": "7bccb70a-175d-4c58-9aa6-27cf5edb223d"
        },
        {
          "inputPort": "input",
          "mapping": "100",
          "stepInput": "a912e44c-d16f-4d75-9f8b-2b225668d32d"
        }
      ]
    },
    {
      "id": "cf90d379-70ec-4e76-b965-58d3529d0944",
      "label": "MS Teams - Invite to Channel",
      "environment": "HOSTED",
      "presentation": "{\"w\":60,\"x\":220,\"h\":60,\"y\":480}",
      "step": "578d16ff-3cca-43e4-8553-7c12ef87921f",
      "stepType": "SCRIPT_STEP"
    }
  ],
  "edges": [
    {
      "fromBlock": "aa254888-0b6f-4421-b60f-a280bf386fd6",
      "fromPort": "output",
      "toBlock": "49c247d8-ec9b-498e-a3d7-5f1ed3c26d04",
      "toPort": "input"
    }
  ]
}